Shift,Hours
B,1.3907121
B,1.4956037
B,2.1047531
B,2.4865575
B,2.4951752
B,1.4154665
B,3.0235013
B,2.4138723
B,2.6343155
B,2.6490608
B,0.8549643
B,1.2153304
B,2.0148735
B,2.693312
B,2.341
G,3.3371625
G,3.5657426
G,3.7880332
G,4.4275224
G,4.072036
G,2.1397055
G,2.3688766
G,3.6367694
G,3.2388905
G,3.2034604
G,3.5201518
G,4.7918885
G,1.9052085
G,2.8263036
G,2.765
